[
  {
    "account_uuid": "696393aa-1562-11e5-a041-911c6ebdb07d",
    "amount": 1429.07,
    "currency": "USD",
    "recipientname": "Santana Estrada",
    "transactiondate": "2014-10-11T08:30:38 +04:00",
    "transactionstatus": "complete",
    "location": {
      "latitude": 34.17630630000001,
      "longitude": -84.2910759
    },
    "user_uuid": "9f3c030b-3f3a-4704-86b5-5f22794d500e",
    "source": "Checking-4808",
    "sourceType": "AMEX"
  },
  {
    "account_uuid": "695c40aa-1562-11e5-88d2-438bfdaefb9d",
    "amount": 28.54,
    "currency": "USD",
    "recipientname": "Bishop Mcmillan",
    "transactiondate": "2015-12-17T04:16:09 +05:00",
    "transactionstatus": "complete",
    "location": {
      "latitude": 33.7717008,
      "longitude": -84.3726049
    },
    "user_uuid": "93deb8af-9aa2-4f58-9fd0-f8af32b50190",
    "source": "Checking-1931",
    "sourceType": "VISA"
  },
  {
    "account_uuid": "6959cfaa-1562-11e5-9937-9def0cdb0b21",
    "amount": 682.59,
    "currency": "USD",
    "recipientname": "Felecia Osborn",
    "transactiondate": "2016-08-12T09:16:09 +04:00",
    "transactionstatus": "pending",
    "location": {
      "latitude": 46.560146,
      "longitude": -81.263969
    },
    "user_uuid": "70a30a57-2952-4ec0-b1f2-243d6e7b9a66",
    "source": "Checking-4311",
    "sourceType": "CHASE"
  },
  {
    "account_uuid": "696149ba-1562-11e5-90d0-057b7f17d03d",
    "amount": 1508.75,
    "currency": "USD",
    "recipientname": "Doris Larson",
    "transactiondate": "2015-01-27T02:24:28 +05:00",
    "transactionstatus": "complete",
    "location": {
      "latitude": 35.348315,
      "longitude": -113.713388
    },
    "user_uuid": "1f4a75df-f517-45e3-b622-0cabc5b964b4",
    "source": "Checking-8918",
    "sourceType": "VISA"
  },
  {
    "account_uuid": "69745c8a-1562-11e5-b4cd-f3ea6ab377cb",
    "amount": 891.76,
    "currency": "USD",
    "recipientname": "Wilcox Baxter",
    "transactiondate": "2016-06-20T09:10:24 +04:00",
    "transactionstatus": "pending",
    "location": {
      "latitude": 38.536897,
      "longitude": -98.912287
    },
    "user_uuid": "01510d93-b8d8-4b1f-85a7-86ee3f6420ac",
    "source": "Checking-7440",
    "sourceType": "AMEX"
  },
  {
    "account_uuid": "696393aa-1562-11e5-a041-911c6ebdb07d",
    "amount": 1530.9,
    "currency": "USD",
    "recipientname": "Santiago May",
    "transactiondate": "2016-08-21T06:47:20 +04:00",
    "transactionstatus": "complete",
    "location": {
      "latitude": 34.057517,
      "longitude": -95.920907
    },
    "user_uuid": "45af8198-f715-4e84-b80c-b57b4de92a86",
    "source": "Checking-1480",
    "sourceType": "CHASE"
  },
  {
    "account_uuid": "695c40aa-1562-11e5-88d2-438bfdaefb9d",
    "amount": 1944.7,
    "currency": "USD",
    "recipientname": "Coleen Pace",
    "transactiondate": "2014-09-20T07:51:51 +04:00",
    "transactionstatus": "complete",
    "location": {
      "latitude": 39.514903,
      "longitude": -74.54468
    },
    "user_uuid": "1af0205a-7c01-4c1f-b6ea-d191ba8662de",
    "source": "Checking-3277",
    "sourceType": "VISA"
  },
  {
    "account_uuid": "6959cfaa-1562-11e5-9937-9def0cdb0b21",
    "amount": 1552.05,
    "currency": "USD",
    "recipientname": "Livingston Santos",
    "transactiondate": "2015-07-25T04:11:24 +04:00",
    "transactionstatus": "complete",
    "location": {
      "latitude": 43.764343,
      "longitude": -114.907764
    },
    "user_uuid": "00683965-49cd-4cbe-9a90-e8b961181784",
    "source": "Checking-7323",
    "sourceType": "VISA"
  },
  {
    "account_uuid": "6976f49a-1562-11e5-b7f9-1934f2d49bca",
    "amount": 600.79,
    "currency": "USD",
    "recipientname": "Cheri Craig",
    "transactiondate": "2016-08-05T11:21:00 +04:00",
    "transactionstatus": "complete",
    "location": {
      "latitude": 44.285055,
      "longitude": -103.758935
    },
    "user_uuid": "24aed39f-b233-4409-aee1-46f12bb9763b",
    "source": "Checking-3779",
    "sourceType": "AMEX"
  },
  {
    "account_uuid": "69745c8a-1562-11e5-b4cd-f3ea6ab377cb",
    "amount": 1026.26,
    "currency": "USD",
    "recipientname": "Hart Ray",
    "transactiondate": "2014-05-04T02:37:12 +04:00",
    "transactionstatus": "complete",
    "location": {
      "latitude": 39.867276,
      "longitude": -97.358375
    },
    "user_uuid": "724aa577-fd61-49c6-b30c-16f5350431b7",
    "source": "Checking-3133",
    "sourceType": "CHASE"
  },
  {
    "account_uuid": "6976f49a-1562-11e5-b7f9-1934f2d49bca",
    "amount": 710.66,
    "currency": "USD",
    "recipientname": "Sims York",
    "transactiondate": "2015-10-31T09:42:50 +04:00",
    "transactionstatus": "complete",
    "location": {
      "latitude": 36.894762,
      "longitude": -115.730756
    },
    "user_uuid": "43c14c20-6b1c-4a82-b00e-47d887acf619",
    "source": "Checking-9063",
    "sourceType": "VISA"
  },
  {
    "account_uuid": "6972129a-1562-11e5-b51e-07f9d0ba1be4",
    "amount": 813.27,
    "currency": "USD",
    "recipientname": "Howell Lambert",
    "transactiondate": "2015-11-11T08:22:58 +05:00",
    "transactionstatus": "pending",
    "location": {
      "latitude": 42.403598,
      "longitude": -104.833695
    },
    "user_uuid": "ef57ab4f-a483-495f-b964-a0d84098bea1",
    "source": "Checking-9185",
    "sourceType": "CHASE"
  },
  {
    "account_uuid": "696149ba-1562-11e5-90d0-057b7f17d03d",
    "amount": 234.39,
    "currency": "USD",
    "recipientname": "Greer Jenkins",
    "transactiondate": "2014-07-14T11:11:33 +04:00",
    "transactionstatus": "complete",
    "location": {
      "latitude": 44.022471,
      "longitude": -107.738932
    },
    "user_uuid": "c499acd1-e13c-4563-ad7b-2f60f0bffe67",
    "source": "Checking-7835",
    "sourceType": "AMEX"
  },
  {
    "account_uuid": "696f2c6a-1562-11e5-bbee-0174ff470510",
    "amount": 137.02,
    "currency": "USD",
    "recipientname": "Jessica Palmer",
    "transactiondate": "2016-04-19T01:08:19 +04:00",
    "transactionstatus": "pending",
    "location": {
      "latitude": 40.771543,
      "longitude": -118.069286
    },
    "user_uuid": "76f5d530-f2a6-4ee4-8be6-9edc2e9bb7c1",
    "source": "Checking-2885",
    "sourceType": "VISA"
  },
  {
    "account_uuid": "6976f49a-1562-11e5-b7f9-1934f2d49bca",
    "amount": 1440.55,
    "currency": "USD",
    "recipientname": "Patricia Bird",
    "transactiondate": "2015-04-18T09:14:05 +04:00",
    "transactionstatus": "pending",
    "location": {
      "latitude": 31.360297,
      "longitude": -91.110663
    },
    "user_uuid": "e6857792-40a5-4df1-bee6-fa582370e632",
    "source": "Checking-2570",
    "sourceType": "CHASE"
  },
  {
    "account_uuid": "695c40aa-1562-11e5-88d2-438bfdaefb9d",
    "amount": 735.97,
    "currency": "USD",
    "recipientname": "Jo Wiggins",
    "transactiondate": "2015-05-26T09:32:36 +04:00",
    "transactionstatus": "pending",
    "location": {
      "latitude": 31.79857,
      "longitude": -99.521061
    },
    "user_uuid": "f7359f5a-95fb-464b-9721-2fa8399759ca",
    "source": "Checking-9166",
    "sourceType": "VISA"
  },
  {
    "account_uuid": "69745c8a-1562-11e5-b4cd-f3ea6ab377cb",
    "amount": 695.74,
    "currency": "USD",
    "recipientname": "Thompson Gamble",
    "transactiondate": "2014-07-16T11:22:47 +04:00",
    "transactionstatus": "complete",
    "location": {
      "latitude": 33.95476,
      "longitude": -80.329063
    },
    "user_uuid": "921bcd59-b48b-4ed2-8602-98e7bcc94dfb",
    "source": "Checking-9829",
    "sourceType": "VISA"
  },
  {
    "account_uuid": "696149ba-1562-11e5-90d0-057b7f17d03d",
    "amount": 1321.54,
    "currency": "USD",
    "recipientname": "Pauline Sloan",
    "transactiondate": "2014-07-17T06:31:08 +04:00",
    "transactionstatus": "pending",
    "location": {
      "latitude": 47.661071,
      "longitude": -87.111192
    },
    "user_uuid": "5bc6a699-353d-4106-8cd7-43752b418e5f",
    "source": "Checking-5104",
    "sourceType": "VISA"
  },
  {
    "account_uuid": "6976f49a-1562-11e5-b7f9-1934f2d49bca",
    "amount": 1793.86,
    "currency": "USD",
    "recipientname": "Hopkins Donaldson",
    "transactiondate": "2016-01-14T10:13:19 +05:00",
    "transactionstatus": "pending",
    "location": {
      "latitude": 41.561908,
      "longitude": -94.69446
    },
    "user_uuid": "1ac7f320-bb95-42e1-af92-4760cdaf3fee",
    "source": "Checking-4581",
    "sourceType": "VISA"
  },
  {
    "account_uuid": "696149ba-1562-11e5-90d0-057b7f17d03d",
    "amount": 924.67,
    "currency": "USD",
    "recipientname": "Melinda Stevens",
    "transactiondate": "2014-11-12T03:28:48 +05:00",
    "transactionstatus": "complete",
    "location": {
      "latitude": 31.000947,
      "longitude": -114.486206
    },
    "user_uuid": "927d29c2-8f15-4c43-a766-1d87c8bde434",
    "source": "Checking-1416",
    "sourceType": "CHASE"
  },
  {
    "account_uuid": "696149ba-1562-11e5-90d0-057b7f17d03d",
    "amount": 1986.85,
    "currency": "USD",
    "recipientname": "Harmon Peterson",
    "transactiondate": "2016-02-03T08:34:12 +05:00",
    "transactionstatus": "pending",
    "location": {
      "latitude": 39.247368,
      "longitude": -112.772666
    },
    "user_uuid": "72f582e5-ee6e-42a4-bc78-38fde2872af2",
    "source": "Checking-3541",
    "sourceType": "VISA"
  },
  {
    "account_uuid": "6972129a-1562-11e5-b51e-07f9d0ba1be4",
    "amount": 271.26,
    "currency": "USD",
    "recipientname": "Harrison Baird",
    "transactiondate": "2015-12-24T01:12:46 +05:00",
    "transactionstatus": "pending",
    "location": {
      "latitude": 40.628406,
      "longitude": -107.450102
    },
    "user_uuid": "b5ce5038-177c-454c-9375-eb8be129f835",
    "source": "Checking-6124",
    "sourceType": "CHASE"
  },
  {
    "account_uuid": "696f2c6a-1562-11e5-bbee-0174ff470510",
    "amount": 1695.15,
    "currency": "USD",
    "recipientname": "Odonnell Figueroa",
    "transactiondate": "2015-03-18T02:48:23 +04:00",
    "transactionstatus": "complete",
    "location": {
      "latitude": 38.832915,
      "longitude": -93.632938
    },
    "user_uuid": "22b54448-27c9-4772-accc-99db2bbafc0c",
    "source": "Checking-8824",
    "sourceType": "CHASE"
  },
  {
    "account_uuid": "6959cfaa-1562-11e5-9937-9def0cdb0b21",
    "amount": 636.39,
    "currency": "USD",
    "recipientname": "Strong Gonzalez",
    "transactiondate": "2015-11-02T11:51:29 +05:00",
    "transactionstatus": "pending",
    "location": {
      "latitude": 43.671416,
      "longitude": -111.265225
    },
    "user_uuid": "9da8b4bb-c317-49e8-b042-32970d8ef8b6",
    "source": "Checking-5352",
    "sourceType": "VISA"
  },
  {
    "account_uuid": "6976f49a-1562-11e5-b7f9-1934f2d49bca",
    "amount": 1889.88,
    "currency": "USD",
    "recipientname": "Owens Mccray",
    "transactiondate": "2016-03-12T03:58:33 +05:00",
    "transactionstatus": "complete",
    "location": {
      "latitude": 43.806357,
      "longitude": -85.802897
    },
    "user_uuid": "53627d59-6987-4e3e-a8dd-574844c0ff2e",
    "source": "Checking-1187",
    "sourceType": "VISA"
  },
  {
    "account_uuid": "696149ba-1562-11e5-90d0-057b7f17d03d",
    "amount": 669.76,
    "currency": "USD",
    "recipientname": "Reva Roberson",
    "transactiondate": "2015-01-25T01:54:35 +05:00",
    "transactionstatus": "pending",
    "location": {
      "latitude": 45.468448,
      "longitude": -101.411169
    },
    "user_uuid": "60b9020a-8bb6-4421-9551-b0e0bb28a2b9",
    "source": "Checking-5982",
    "sourceType": "VISA"
  },
  {
    "account_uuid": "6976f49a-1562-11e5-b7f9-1934f2d49bca",
    "amount": 168.65,
    "currency": "USD",
    "recipientname": "Alford Medina",
    "transactiondate": "2014-05-24T01:23:34 +04:00",
    "transactionstatus": "pending",
    "location": {
      "latitude": 47.946583,
      "longitude": -71.32104
    },
    "user_uuid": "b6c2eeeb-776a-4a34-97b0-7b1283fb3ad3",
    "source": "Checking-2006",
    "sourceType": "VISA"
  },
  {
    "account_uuid": "695c40aa-1562-11e5-88d2-438bfdaefb9d",
    "amount": 44.5,
    "currency": "USD",
    "recipientname": "Riddle Cote",
    "transactiondate": "2014-10-23T04:13:47 +04:00",
    "transactionstatus": "complete",
    "location": {
      "latitude": 39.420984,
      "longitude": -117.109912
    },
    "user_uuid": "fae25656-ae8f-4602-80a1-9378c3a97f15",
    "source": "Checking-1357",
    "sourceType": "VISA"
  },
  {
    "account_uuid": "6959cfaa-1562-11e5-9937-9def0cdb0b21",
    "amount": 589.18,
    "currency": "USD",
    "recipientname": "Davidson Schmidt",
    "transactiondate": "2016-01-28T08:13:50 +05:00",
    "transactionstatus": "complete",
    "location": {
      "latitude": 43.991694,
      "longitude": -105.361206
    },
    "user_uuid": "3d2d36ef-e85f-4d24-b65c-a2e71ad06895",
    "source": "Checking-4901",
    "sourceType": "VISA"
  },
  {
    "account_uuid": "696393aa-1562-11e5-a041-911c6ebdb07d",
    "amount": 1624.24,
    "currency": "USD",
    "recipientname": "Calderon Guy",
    "transactiondate": "2014-02-07T10:54:58 +05:00",
    "transactionstatus": "pending",
    "location": {
      "latitude": 46.250125,
      "longitude": -91.137914
    },
    "user_uuid": "dd925c2b-9c4e-4bae-a0bb-76b1305995b6",
    "source": "Checking-9301",
    "sourceType": "VISA"
  },
  {
    "account_uuid": "6959cfaa-1562-11e5-9937-9def0cdb0b21",
    "amount": 1709.69,
    "currency": "USD",
    "recipientname": "Tia Atkinson",
    "transactiondate": "2015-06-04T03:37:33 +04:00",
    "transactionstatus": "pending",
    "location": {
      "latitude": 38.70867,
      "longitude": -88.884345
    },
    "user_uuid": "0f70abae-1fb2-4dc8-b1d7-5dd5c82b82c9",
    "source": "Checking-4049",
    "sourceType": "VISA"
  },
  {
    "account_uuid": "6972129a-1562-11e5-b51e-07f9d0ba1be4",
    "amount": 1867.36,
    "currency": "USD",
    "recipientname": "Roberson Delacruz",
    "transactiondate": "2014-01-04T09:34:05 +05:00",
    "transactionstatus": "complete",
    "location": {
      "latitude": 49.355167,
      "longitude": -74.429746
    },
    "user_uuid": "1f832fd5-3032-43f6-a663-910cdf2c15e8",
    "source": "Checking-7944",
    "sourceType": "AMEX"
  },
  {
    "account_uuid": "696149ba-1562-11e5-90d0-057b7f17d03d",
    "amount": 1535.62,
    "currency": "USD",
    "recipientname": "Hardy Norman",
    "transactiondate": "2014-06-21T01:49:05 +04:00",
    "transactionstatus": "pending",
    "location": {
      "latitude": 39.931581,
      "longitude": -118.420464
    },
    "user_uuid": "4616a26e-4933-490d-8bf2-9c70d5fc6d3f",
    "source": "Checking-7861",
    "sourceType": "AMEX"
  },
  {
    "account_uuid": "695c40aa-1562-11e5-88d2-438bfdaefb9d",
    "amount": 1738.73,
    "currency": "USD",
    "recipientname": "Stella Montoya",
    "transactiondate": "2016-07-09T03:56:11 +04:00",
    "transactionstatus": "complete",
    "location": {
      "latitude": 38.450908,
      "longitude": -104.480533
    },
    "user_uuid": "b8b9670d-1120-49c5-8064-70171e848df5",
    "source": "Checking-2140",
    "sourceType": "AMEX"
  },
  {
    "account_uuid": "6976f49a-1562-11e5-b7f9-1934f2d49bca",
    "amount": 1098.36,
    "currency": "USD",
    "recipientname": "Lopez Maxwell",
    "transactiondate": "2015-09-24T12:42:34 +04:00",
    "transactionstatus": "pending",
    "location": {
      "latitude": 42.55796,
      "longitude": -108.992791
    },
    "user_uuid": "34c20c07-c06e-408f-96b0-00c95b85e976",
    "source": "Checking-2522",
    "sourceType": "VISA"
  },
  {
    "account_uuid": "6959cfaa-1562-11e5-9937-9def0cdb0b21",
    "amount": 1947.47,
    "currency": "USD",
    "recipientname": "Nolan Moreno",
    "transactiondate": "2016-01-14T01:17:16 +05:00",
    "transactionstatus": "complete",
    "location": {
      "latitude": 49.66821,
      "longitude": -83.984545
    },
    "user_uuid": "1267183e-078c-4b20-b950-f2f8a19fc810",
    "source": "Checking-3436",
    "sourceType": "VISA"
  },
  {
    "account_uuid": "69745c8a-1562-11e5-b4cd-f3ea6ab377cb",
    "amount": 621.55,
    "currency": "USD",
    "recipientname": "Karin Long",
    "transactiondate": "2015-06-14T03:46:42 +04:00",
    "transactionstatus": "complete",
    "location": {
      "latitude": 38.118411,
      "longitude": -108.343001
    },
    "user_uuid": "302fb0ed-244e-43d3-8d6b-269f5854b0b5",
    "source": "Checking-2004",
    "sourceType": "AMEX"
  },
  {
    "account_uuid": "6959cfaa-1562-11e5-9937-9def0cdb0b21",
    "amount": 725.41,
    "currency": "USD",
    "recipientname": "Fulton Vaughan",
    "transactiondate": "2016-01-02T08:01:47 +05:00",
    "transactionstatus": "complete",
    "location": {
      "latitude": 47.995392,
      "longitude": -93.327487
    },
    "user_uuid": "6a2c170e-c193-4015-99c8-011d007a4052",
    "source": "Checking-3378",
    "sourceType": "VISA"
  },
  {
    "account_uuid": "696f2c6a-1562-11e5-bbee-0174ff470510",
    "amount": 949.51,
    "currency": "USD",
    "recipientname": "Chasity Larsen",
    "transactiondate": "2016-03-13T11:47:58 +04:00",
    "transactionstatus": "complete",
    "location": {
      "latitude": 34.275341,
      "longitude": -90.231131
    },
    "user_uuid": "34b87083-ffe3-4c55-83f5-055f11a47104",
    "source": "Checking-8407",
    "sourceType": "AMEX"
  },
  {
    "account_uuid": "696393aa-1562-11e5-a041-911c6ebdb07d",
    "amount": 810.41,
    "currency": "USD",
    "recipientname": "Kidd Oconnor",
    "transactiondate": "2015-01-30T11:14:50 +05:00",
    "transactionstatus": "complete",
    "location": {
      "latitude": 46.097311,
      "longitude": -79.53258
    },
    "user_uuid": "80ff98b7-4136-4817-9f69-466928354979",
    "source": "Checking-2100",
    "sourceType": "AMEX"
  },
  {
    "account_uuid": "695c40aa-1562-11e5-88d2-438bfdaefb9d",
    "amount": 192.28,
    "currency": "USD",
    "recipientname": "Adrienne Pugh",
    "transactiondate": "2016-01-25T05:02:16 +05:00",
    "transactionstatus": "pending",
    "location": {
      "latitude": 43.449955,
      "longitude": -76.437904
    },
    "user_uuid": "57459203-d7a6-4aa7-b7cc-516055b12b23",
    "source": "Checking-2388",
    "sourceType": "CHASE"
  },
  {
    "account_uuid": "695c40aa-1562-11e5-88d2-438bfdaefb9d",
    "amount": 1843.91,
    "currency": "USD",
    "recipientname": "Stark Hampton",
    "transactiondate": "2014-12-20T11:50:42 +05:00",
    "transactionstatus": "complete",
    "location": {
      "latitude": 32.553778,
      "longitude": -97.480606
    },
    "user_uuid": "9763aa76-44b3-4035-894e-dbc1e741c7c9",
    "source": "Checking-2959",
    "sourceType": "CHASE"
  },
  {
    "account_uuid": "6976f49a-1562-11e5-b7f9-1934f2d49bca",
    "amount": 1239.15,
    "currency": "USD",
    "recipientname": "Harding Meyers",
    "transactiondate": "2016-04-09T08:49:07 +04:00",
    "transactionstatus": "pending",
    "location": {
      "latitude": 38.068199,
      "longitude": -79.046183
    },
    "user_uuid": "62505d84-c7ed-4c89-a0aa-a9c8c6939b31",
    "source": "Checking-7921",
    "sourceType": "CHASE"
  },
  {
    "account_uuid": "696393aa-1562-11e5-a041-911c6ebdb07d",
    "amount": 1833.24,
    "currency": "USD",
    "recipientname": "Jackson Flynn",
    "transactiondate": "2014-06-23T06:55:56 +04:00",
    "transactionstatus": "complete",
    "location": {
      "latitude": 34.634772,
      "longitude": -86.669009
    },
    "user_uuid": "2e31838c-0603-411e-8078-70ce4c39e336",
    "source": "Checking-8075",
    "sourceType": "VISA"
  },
  {
    "account_uuid": "695c40aa-1562-11e5-88d2-438bfdaefb9d",
    "amount": 797.28,
    "currency": "USD",
    "recipientname": "Leanne Bolton",
    "transactiondate": "2015-03-03T03:44:21 +05:00",
    "transactionstatus": "pending",
    "location": {
      "latitude": 40.021597,
      "longitude": -88.179428
    },
    "user_uuid": "e285e518-5be7-4a90-a992-85a4fc113ee5",
    "source": "Checking-8070",
    "sourceType": "AMEX"
  },
  {
    "account_uuid": "696f2c6a-1562-11e5-bbee-0174ff470510",
    "amount": 867.46,
    "currency": "USD",
    "recipientname": "Conner Sears",
    "transactiondate": "2016-04-08T10:03:14 +04:00",
    "transactionstatus": "pending",
    "location": {
      "latitude": 31.07101,
      "longitude": -70.877995
    },
    "user_uuid": "0f2bdf87-94d5-4203-bfae-8980abd64917",
    "source": "Checking-7677",
    "sourceType": "VISA"
  },
  {
    "account_uuid": "6972129a-1562-11e5-b51e-07f9d0ba1be4",
    "amount": 333.09,
    "currency": "USD",
    "recipientname": "Porter Moon",
    "transactiondate": "2014-02-02T11:50:41 +05:00",
    "transactionstatus": "complete",
    "location": {
      "latitude": 42.117325,
      "longitude": -97.74559
    },
    "user_uuid": "5fb8b72e-cfc9-4b43-ac1e-3bbcd4c82297",
    "source": "Checking-7716",
    "sourceType": "VISA"
  },
  {
    "account_uuid": "69745c8a-1562-11e5-b4cd-f3ea6ab377cb",
    "amount": 1574.51,
    "currency": "USD",
    "recipientname": "Erica Bowman",
    "transactiondate": "2015-05-27T04:11:56 +04:00",
    "transactionstatus": "pending",
    "location": {
      "latitude": 36.604654,
      "longitude": -103.074618
    },
    "user_uuid": "37bb79ca-c53d-4ab2-a877-cf15c12e635e",
    "source": "Checking-5438",
    "sourceType": "AMEX"
  },
  {
    "account_uuid": "69745c8a-1562-11e5-b4cd-f3ea6ab377cb",
    "amount": 441.26,
    "currency": "USD",
    "recipientname": "Medina Jones",
    "transactiondate": "2014-06-28T05:27:34 +04:00",
    "transactionstatus": "complete",
    "location": {
      "latitude": 46.363593,
      "longitude": -80.838435
    },
    "user_uuid": "c15f9bc4-7d8c-483e-903a-9eb999420554",
    "source": "Checking-2880",
    "sourceType": "CHASE"
  },
  {
    "account_uuid": "6976f49a-1562-11e5-b7f9-1934f2d49bca",
    "amount": 89.61,
    "currency": "USD",
    "recipientname": "Ruth Roy",
    "transactiondate": "2015-12-09T09:55:10 +05:00",
    "transactionstatus": "complete",
    "location": {
      "latitude": 37.678334,
      "longitude": -120.772515
    },
    "user_uuid": "b1de0a8c-6210-43a9-b904-199280459e76",
    "source": "Checking-8709",
    "sourceType": "VISA"
  }
]